Sensor Latitude,Sensor Longitude,Precision Time Stamp
53.93224416,13.0590562,1745587094000
53.93224416,13.0590562,1745587200000
53.93224445,13.05905528,1745587302000
53.93224453,13.059055,1745587405000
53.93224463,13.05905475,1745587508000
53.93224464,13.05905457,1745587613000
53.93224453,13.0590546,1745587716000
53.93224441,13.05905463,1745587819000
53.93224434,13.05905424,1745587920000
53.93224411,13.05905361,1745588022000
53.93224411,13.05905361,1745588123000
53.93224424,13.05905292,1745588225000
53.93224424,13.05905292,1745588327000
53.93224424,13.05905292,1745588429000
53.93224424,13.05905292,1745588530000
53.93224424,13.05905292,1745588631000
53.93224424,13.05905292,1745588732000
53.93224424,13.05905292,1745588834000
53.93224424,13.05905292,1745588936000
53.93224424,13.05905292,1745589038000
53.93224394,13.0590517,1745589140000
53.93224394,13.0590517,1745589242000
53.93224394,13.0590517,1745589343000
53.93224394,13.0590517,1745589444000
53.93224394,13.0590517,1745589546000
53.93224394,13.0590517,1745589647000
53.93224334,13.05905057,1745589748000
53.93224334,13.05905057,1745589850000
53.93224334,13.05905057,1745589951000
53.93224334,13.05905057,1745590052000
53.93224334,13.05905057,1745590153000
53.93224334,13.05905057,1745590255000
53.93224334,13.05905057,1745590356000
53.93224334,13.05905057,1745590457000
53.93224334,13.05905057,1745590558000
53.93224243,13.0590513,1745590659000
53.93224243,13.0590513,1745590760000
53.93224243,13.0590513,1745590861000
53.93224243,13.0590513,1745590962000
53.93224243,13.0590513,1745591063000
53.93224243,13.0590513,1745591164000
53.93224243,13.0590513,1745591264000
53.93224243,13.0590513,1745591365000
53.93224243,13.0590513,1745591467000
53.93224268,13.0590496,1745591568000
53.93224268,13.0590496,1745591681000
53.93224268,13.0590496,1745591788000
53.93224353,13.05904858,1745591889000
53.93224353,13.05904858,1745591991000
53.93224353,13.05904858,1745592092000
53.93224353,13.05904858,1745592193000
53.93224353,13.05904858,1745592294000
53.93224353,13.05904858,1745592395000
53.93224353,13.05904858,1745592496000
53.93224353,13.05904858,1745592599000
53.93224353,13.05904858,1745592700000
53.93224439,13.05904802,1745592800000
53.93224439,13.05904802,1745592901000
53.93224439,13.05904802,1745593003000
53.93224439,13.05904802,1745593105000
53.93224439,13.05904802,1745593206000
53.93224439,13.05904802,1745593308000
53.93224439,13.05904802,1745593410000
53.93224439,13.05904802,1745593511000
53.93224439,13.05904802,1745593613000
53.93224526,13.05904745,1745593715000
53.93224526,13.05904745,1745593816000
53.93224526,13.05904745,1745593917000
53.93224526,13.05904745,1745594018000
53.93224526,13.05904745,1745594120000
53.93224506,13.05904736,1745594221000
53.93224506,13.05904736,1745594322000
53.93224506,13.05904736,1745594427000
53.93224506,13.05904736,1745594530000
53.93224506,13.05904736,1745594632000
53.93224506,13.05904736,1745594733000
53.93224506,13.05904736,1745594834000
53.93224506,13.05904736,1745594935000
53.93224506,13.05904736,1745595036000
53.93224506,13.05904736,1745595138000
53.93224506,13.05904736,1745595239000
53.93224506,13.05904736,1745595341000
53.93224506,13.05904736,1745595443000
53.93224506,13.05904736,1745595544000
53.93224506,13.05904736,1745595645000
53.93224506,13.05904736,1745595747000
53.9322446,13.05904638,1745595847000
53.9322446,13.05904638,1745595949000
53.9322446,13.05904638,1745596051000
53.9322446,13.05904638,1745596152000
53.9322446,13.05904638,1745596253000
53.9322446,13.05904638,1745596354000
53.9322446,13.05904638,1745596456000
53.9322446,13.05904638,1745596559000
53.9322446,13.05904638,1745596660000
53.9322446,13.05904638,1745596761000
53.9322446,13.05904638,1745596862000
53.9322446,13.05904638,1745596963000
53.9322446,13.05904638,1745597064000
53.9322446,13.05904638,1745597164000
53.9322446,13.05904638,1745597265000
53.9322446,13.05904638,1745597366000
53.9322446,13.05904638,1745597467000
53.9322454,13.05904567,1745597568000
53.9322454,13.05904567,1745597668000
53.93224556,13.05904532,1745597769000
53.93224556,13.05904532,1745597871000
53.93224556,13.05904532,1745597972000
53.93224556,13.05904532,1745598072000
53.93224556,13.05904532,1745598173000
53.93224563,13.05904488,1745598274000
53.93224563,13.05904488,1745598376000
53.93224565,13.0590447,1745598477000
53.93224557,13.05904457,1745598578000
53.93224561,13.05904446,1745598679000
53.93224565,13.05904438,1745598780000
53.93224556,13.05904442,1745598881000
53.93224533,13.05904454,1745598983000
53.93224533,13.05904452,1745599084000
53.93224534,13.05904439,1745599185000
53.93224532,13.05904409,1745599286000
53.9322453,13.05904358,1745599387000
53.93224543,13.05904286,1745599488000
53.9322456,13.05904182,1745599591000
53.93224582,13.05904048,1745599693000
53.93224607,13.05903877,1745599794000
53.93224678,13.05903656,1745599898000
53.93224709,13.05903403,1745600000000
53.93224737,13.05903111,1745600101000
53.9322477,13.05902767,1745600202000
53.93224771,13.05902402,1745600304000
53.93224795,13.05902008,1745600406000
53.9322483,13.05901598,1745600507000
53.93224871,13.05901142,1745600610000
53.93224946,13.05900726,1745600712000
53.93225004,13.05900252,1745600814000
53.93225065,13.05899781,1745600916000
53.93225125,13.05899309,1745601017000
53.93225229,13.05898961,1745601120000
53.93225282,13.05898613,1745601222000
53.9322531,13.0589833,1745601323000
53.93225335,13.05898066,1745601424000
53.93225361,13.05897858,1745601526000
53.93225374,13.05897713,1745601630000
53.93225385,13.05897508,1745601732000
53.93225396,13.05897286,1745601834000
53.93225403,13.05897077,1745601937000
53.93225341,13.05896957,1745602041000
53.93225339,13.05896726,1745602143000
53.93225338,13.05896475,1745602245000
53.93225334,13.0589622,1745602347000
53.93225307,13.05895935,1745602448000
53.93225326,13.05895625,1745602553000
53.93225345,13.05895298,1745602656000
53.93225357,13.05895013,1745602759000
53.93225372,13.05894668,1745602860000
53.93225391,13.05894409,1745602961000
53.93225407,13.05894143,1745603063000
53.93225412,13.05893874,1745603164000
53.93225442,13.05893221,1745603267000
53.93225447,13.05892927,1745603368000
53.93225447,13.05892927,1745603471000
53.9322544,13.05892663,1745603574000
53.93225397,13.05892125,1745603675000
53.93225374,13.05891864,1745603776000
53.93225342,13.05891626,1745603878000
53.93225302,13.05891382,1745603980000
53.93225209,13.0589124,1745604082000
53.93225136,13.05891039,1745604183000
53.93225136,13.05891039,1745604284000
53.93224967,13.0589067,1745604386000
53.93224877,13.05890534,1745604487000
53.93224762,13.05890365,1745604591000
53.93224645,13.0589021,1745604691000
53.93224504,13.05890061,1745604794000
53.93224353,13.05889916,1745604895000
53.93224213,13.05889724,1745604997000
53.93224026,13.05889589,1745605100000
53.93223818,13.05889455,1745605201000
53.93223607,13.05889333,1745605303000
53.93223382,13.05889133,1745605407000
53.93223154,13.05889014,1745605511000
53.93222907,13.05888894,1745605613000
53.93222679,13.0588875,1745605714000
53.93222451,13.05888502,1745605816000
53.93222224,13.05888368,1745605917000
53.93222008,13.05888235,1745606019000
53.93221829,13.05888124,1745606121000
53.93221677,13.05887975,1745606223000
53.9322157,13.05887882,1745606326000
53.93221484,13.05887797,1745606428000
53.93221426,13.05887746,1745606530000
53.93221375,13.05887704,1745606632000
53.93221388,13.05887725,1745606735000
53.93221388,13.05887725,1745606838000
53.93221283,13.05887706,1745606941000
53.93221283,13.05887706,1745607045000
53.93221136,13.05887802,1745607147000
53.93221062,13.05887815,1745607249000
53.93221062,13.05887815,1745607350000
53.93220887,13.05887823,1745607452000
53.93220795,13.05887769,1745607556000
53.93220714,13.05887746,1745607659000
53.93220625,13.05887736,1745607760000
53.93220523,13.0588773,1745607862000
53.93220401,13.0588772,1745607964000
53.93220126,13.0588771,1745608066000
53.93220126,13.0588771,1745608167000
53.93219807,13.05887709,1745608268000
53.93219621,13.05887721,1745608369000
53.93219452,13.05887726,1745608470000
53.93219271,13.05887731,1745608572000
53.93219102,13.05887717,1745608674000
53.93218923,13.05887659,1745608776000
53.93218751,13.05887668,1745608878000
53.93218571,13.05887684,1745608980000
53.93218401,13.05887705,1745609082000
53.9321821,13.05887743,1745609184000
53.93218035,13.05887792,1745609288000
53.93217849,13.05887846,1745609389000
53.93217669,13.05887897,1745609492000
53.93217473,13.05888015,1745609593000
53.93217299,13.05888062,1745609695000
53.9321712,13.05888112,1745609796000
53.93216946,13.05888168,1745609900000
53.93216765,13.05888228,1745610001000
53.93216578,13.05888303,1745610102000
53.93216396,13.05888351,1745610204000
53.93216233,13.05888382,1745610306000
53.93216062,13.05888408,1745610408000
53.93215938,13.05888345,1745610510000
53.93215771,13.05888343,1745610612000
53.93215611,13.0588832,1745610713000
53.9321544,13.05888295,1745610816000
53.93215267,13.05888298,1745610918000
53.93215081,13.05888311,1745611020000
53.93214909,13.05888326,1745611122000
53.9321473,13.05888332,1745611223000
53.93214496,13.0588842,1745611325000
53.93214296,13.05888418,1745611428000
53.93214117,13.05888419,1745611531000
53.93214117,13.05888419,1745611632000
53.93213831,13.05888412,1745611734000
53.93213738,13.05888438,1745611837000
53.93213688,13.05888394,1745611939000
53.93213642,13.05888334,1745612040000
53.93213574,13.05888294,1745612141000
53.93213519,13.05888224,1745612244000
53.9321344,13.05888177,1745612346000
53.9321344,13.05888177,1745612450000
53.93213287,13.05887997,1745612552000
53.93213188,13.05887865,1745612653000
53.93213121,13.0588772,1745612755000
53.93213055,13.05887554,1745612857000
53.93212998,13.05887406,1745612958000
53.93212908,13.0588725,1745613061000
53.93212819,13.05886886,1745613162000
53.93212789,13.0588668,1745613263000
53.93212763,13.05886444,1745613364000
53.93212783,13.05886194,1745613466000
53.93212784,13.05885904,1745613568000
53.93212773,13.05885613,1745613670000
53.93212761,13.05885295,1745613771000
53.93212728,13.05885,1745613872000
53.93212714,13.05884676,1745613974000
53.93212703,13.05884341,1745614076000
53.93212694,13.0588398,1745614178000
53.93212689,13.05883619,1745614279000
53.93212684,13.05883253,1745614381000
53.93212678,13.05882904,1745614482000
53.93212676,13.05882533,1745614582000
53.93212683,13.05882191,1745614684000
53.93212694,13.05881807,1745614786000
53.93212718,13.05881447,1745614887000
53.93212744,13.05881066,1745614988000
53.93212765,13.05880691,1745615088000
53.93212813,13.05880296,1745615190000
53.93212827,13.05879915,1745615290000
53.93212841,13.05879512,1745615394000
53.93212857,13.05879118,1745615496000
53.93212864,13.05878679,1745615597000
53.93212877,13.05878282,1745615700000
53.93212893,13.05877861,1745615801000
53.93212922,13.05877451,1745615903000
53.93212959,13.05877007,1745616005000
53.93212991,13.05876581,1745616107000
53.93213025,13.0587613,1745616211000
53.93213055,13.05875708,1745616312000
53.93213094,13.05875233,1745616414000
53.9321312,13.05874849,1745616519000
53.93213147,13.05874493,1745616621000
53.93213174,13.05874215,1745616723000
53.93213203,13.05873975,1745616825000
53.93213244,13.05873825,1745616926000
53.93213274,13.05873686,1745617027000
53.93213291,13.05873586,1745617129000
53.93213307,13.05873497,1745617230000
53.93213314,13.05873464,1745617332000
53.93213334,13.05873388,1745617433000
53.93213341,13.058733,1745617544000
53.93213344,13.05873194,1745617646000
53.93213294,13.05873031,1745617749000
53.93213275,13.05872871,1745617850000
53.93213244,13.05872684,1745617953000
53.93213201,13.05872469,1745618054000
53.93213112,13.0587215,1745618156000
53.93213037,13.05871892,1745618264000
53.93212854,13.05871366,1745618365000
53.93212854,13.05871366,1745618466000
53.93212748,13.05871093,1745618567000
53.93212621,13.0587075,1745618673000
53.93212368,13.05870222,1745618774000
53.93212237,13.05869972,1745618875000
53.93212099,13.05869718,1745618979000
53.93211936,13.05869454,1745619080000
53.93211756,13.05869186,1745619181000
53.9321159,13.0586896,1745619283000
53.93211404,13.05868716,1745619385000
53.93211224,13.05868513,1745619487000
53.93211025,13.05868313,1745619588000
53.9321081,13.05868144,1745619689000
53.93210562,13.05867996,1745619790000
53.93210343,13.05867854,1745619893000
53.93210107,13.0586772,1745619995000
53.93209872,13.05867613,1745620096000
53.93209619,13.05867518,1745620198000
53.93209338,13.05867452,1745620299000
53.93209066,13.05867394,1745620404000
53.93208789,13.05867357,1745620507000
53.93208495,13.05867333,1745620608000
53.93208209,13.05867337,1745620709000
53.93207924,13.05867348,1745620811000
53.93207634,13.05867381,1745620913000
53.93207327,13.05867429,1745621016000
53.93207013,13.05867512,1745621118000
53.93206708,13.05867569,1745621219000
53.93206421,13.05867628,1745621320000
53.93206116,13.05867688,1745621426000
53.93205854,13.05867719,1745621528000
53.93205549,13.0586776,1745621631000
53.9320526,13.05867798,1745621732000
53.93204964,13.05867836,1745621834000
53.9320469,13.05867866,1745621935000
53.93204409,13.05867864,1745622036000
53.93204127,13.05867875,1745622138000
53.93203829,13.05867877,1745622240000
53.93203553,13.05867882,1745622342000
53.93203258,13.05867897,1745622444000
53.93202978,13.05867877,1745622546000
53.93202685,13.05867842,1745622647000
53.93202417,13.05867791,1745622748000
53.93202142,13.05867714,1745622849000
53.93201867,13.05867613,1745622950000
53.93201583,13.05867486,1745623051000
53.93201331,13.05867346,1745623153000
53.93201065,13.0586715,1745623254000
53.93200824,13.05866962,1745623355000
53.93200579,13.05866744,1745623456000
53.93200357,13.05866514,1745623557000
53.93200135,13.05866256,1745623660000
53.93199976,13.05865967,1745623762000
53.93199793,13.05865679,1745623863000
53.93199456,13.0586507,1745623966000
53.93199334,13.0586478,1745624068000
53.93199204,13.05864446,1745624169000
53.93199204,13.05864446,1745624271000
53.93199095,13.05864103,1745624373000
53.93198926,13.05863392,1745624474000
53.9319886,13.05863032,1745624575000
53.9319886,13.05863032,1745624680000
53.93198818,13.05862697,1745624792000
53.93198813,13.05862072,1745624893000
53.9319883,13.05861733,1745624994000
53.93198858,13.05861407,1745625095000
53.93198903,13.05861069,1745625197000
53.93198967,13.05860762,1745625299000
53.93199057,13.05860457,1745625401000
53.93199142,13.05860186,1745625503000
53.93199242,13.05859917,1745625605000
53.93199355,13.05859688,1745625706000
53.93199496,13.05859507,1745625808000
53.93199629,13.05859323,1745625908000
53.93199778,13.0585915,1745626010000
53.93199923,13.05859009,1745626111000
53.93200079,13.05858923,1745626213000
53.93200235,13.05858823,1745626315000
53.93200407,13.05858742,1745626415000
53.93200574,13.05858699,1745626517000
53.93200734,13.05858716,1745626618000
53.9320092,13.05858724,1745626719000
53.93201123,13.05858754,1745626820000
53.93201327,13.05858795,1745626923000
53.93201545,13.05858855,1745627024000
53.93201757,13.05858929,1745627126000
53.93201977,13.05859017,1745627227000
53.93202193,13.0585913,1745627328000
53.93202428,13.05859267,1745627429000
53.93202654,13.05859427,1745627530000
53.93202891,13.05859587,1745627632000
53.93203118,13.05859739,1745627735000
53.93203355,13.05859909,1745627836000
53.93203595,13.05860084,1745627937000
53.93203839,13.05860284,1745628038000
53.93204058,13.05860478,1745628140000
53.93204288,13.0586069,1745628243000
53.93204476,13.05860871,1745628344000
53.93204704,13.05861098,1745628445000
53.93204918,13.05861312,1745628547000
53.93205137,13.0586154,1745628649000
53.93205348,13.05861765,1745628750000
53.93205568,13.05861981,1745628851000
53.93205755,13.05862193,1745628952000
53.93205921,13.05862386,1745629053000
53.93206033,13.05862521,1745629156000
53.93206094,13.05862611,1745629257000
53.93206156,13.05862679,1745629359000
53.93206205,13.0586273,1745629460000
53.93206237,13.05862761,1745629561000
53.9320624,13.05862733,1745629662000
53.9320624,13.05862733,1745629763000
53.93206269,13.05862673,1745629865000
53.93206269,13.05862673,1745629966000
53.93206325,13.05862513,1745630067000
53.93206361,13.05862481,1745630168000
53.93206404,13.05862448,1745630270000
53.93206445,13.05862414,1745630372000
53.93206546,13.058624,1745630474000
53.9320658,13.05862372,1745630575000
53.9320658,13.05862372,1745630677000
53.93206636,13.05862327,1745630778000
53.93206636,13.05862327,1745630879000
53.93206679,13.05862319,1745630980000
53.93206691,13.05862286,1745631081000
53.93206702,13.05862239,1745631182000
53.93206725,13.05862155,1745631284000
53.9320674,13.05862079,1745631386000
53.93206751,13.05861993,1745631487000
53.93206761,13.05861898,1745631589000
53.93206769,13.0586176,1745631691000
53.93206771,13.05861661,1745631793000
53.93206775,13.0586158,1745631895000
53.93206777,13.05861502,1745631996000
53.9320678,13.05861419,1745632097000
53.93206797,13.05861295,1745632199000
53.93206789,13.05861203,1745632300000
53.93206775,13.05861102,1745632402000
53.9320675,13.05861007,1745632504000
53.93206707,13.05860926,1745632606000
53.93206673,13.05860819,1745632707000
53.93206633,13.05860707,1745632810000
53.93206588,13.05860597,1745632912000
53.93206588,13.05860597,1745633013000
53.93206475,13.05860353,1745633114000
53.93206412,13.05860246,1745633215000
53.93206343,13.05860149,1745633316000
53.9320626,13.05860026,1745633418000
53.93206177,13.05859945,1745633519000
53.93206086,13.05859868,1745633622000
53.93205995,13.05859809,1745633723000
53.93205895,13.0585976,1745633828000
53.93205774,13.05859753,1745633933000
53.93205663,13.05859737,1745634042000
53.93205561,13.05859732,1745634143000
53.93205447,13.05859748,1745634244000
53.93205343,13.05859771,1745634347000
53.93205343,13.05859771,1745634448000
53.93205071,13.05859917,1745634549000
53.93204924,13.05860034,1745634651000
53.93204748,13.05860222,1745634753000
53.9320459,13.05860397,1745634854000
53.93204437,13.05860587,1745634955000
53.93204279,13.05860808,1745635056000
53.93204113,13.0586105,1745635158000
53.93203969,13.05861311,1745635259000
53.93203842,13.05861577,1745635359000
53.93203718,13.05861877,1745635462000
53.93203617,13.05862186,1745635563000
53.93203533,13.05862524,1745635664000
53.93203449,13.05862875,1745635766000
53.93203373,13.0586326,1745635867000
53.93203314,13.0586364,1745635970000
53.93203264,13.05864068,1745636071000
53.93203238,13.05864474,1745636173000
53.93203236,13.05865324,1745636274000
53.93203286,13.05865782,1745636375000
53.93203335,13.05866215,1745636476000
53.93203404,13.05866667,1745636580000
53.93203488,13.05867083,1745636681000
53.93203607,13.05867551,1745636783000
53.93203719,13.05867937,1745636884000
53.93203848,13.05868329,1745636986000
53.93203984,13.05868685,1745637088000
53.93204136,13.05869048,1745637191000
53.93204321,13.05869397,1745637292000
53.93204501,13.05869759,1745637393000
53.93204668,13.05870073,1745637495000
53.93204853,13.05870392,1745637597000
53.93205026,13.0587067,1745637698000
53.93205234,13.0587098,1745637799000
53.93205455,13.05871267,1745637900000
53.93205694,13.05871562,1745638003000
53.9320595,13.05871845,1745638104000
53.93206197,13.05872132,1745638205000
53.93206439,13.05872414,1745638306000
53.932067,13.05872709,1745638408000
53.93206985,13.05873017,1745638510000
53.93207265,13.05873316,1745638611000
53.93207534,13.05873592,1745638715000
53.93207534,13.05873592,1745638818000
53.93208112,13.05874167,1745638922000
53.93208112,13.05874167,1745639024000
53.9320872,13.05874805,1745639126000
53.93209037,13.05875145,1745639228000
53.9320934,13.05875466,1745639329000
53.93209673,13.05875838,1745639432000
53.93209978,13.05876188,1745639533000
53.93210299,13.05876563,1745639634000
53.93210607,13.05876927,1745639737000
53.9321093,13.05877347,1745639839000
53.93211246,13.05877713,1745639942000
53.93211583,13.058781,1745640043000
53.93211905,13.05878472,1745640144000
53.93212246,13.0587888,1745640246000
53.93212577,13.05879254,1745640347000
53.93212926,13.05879654,1745640448000
53.93213257,13.0588004,1745640550000
53.93213606,13.05880455,1745640651000
53.93213921,13.05880801,1745640753000
53.93214259,13.0588123,1745640854000
53.93214585,13.05881659,1745640955000
53.93214927,13.05882117,1745641056000
53.93215267,13.05882615,1745641160000
53.93215606,13.05883096,1745641263000
53.93216228,13.05884003,1745641364000
53.93216228,13.05884003,1745641465000
53.93216523,13.05884461,1745641567000
53.93216839,13.05884941,1745641669000
53.9321744,13.05885906,1745641770000
53.9321744,13.05885906,1745641871000
53.9321799,13.05886871,1745641974000
53.93218271,13.05887402,1745642076000
53.9321856,13.05887971,1745642177000
53.93218831,13.05888525,1745642279000
53.93219123,13.05889136,1745642382000
53.93219377,13.05889718,1745642483000
53.93219635,13.05890343,1745642584000
53.93219873,13.05890952,1745642686000
53.93220064,13.05891542,1745642788000
53.93220271,13.05892165,1745642890000
53.93220476,13.05892828,1745642991000
53.93220655,13.05893449,1745643093000
53.93220826,13.05894109,1745643194000
53.93220984,13.05894732,1745643297000
53.93221146,13.05895386,1745643398000
53.93221294,13.05895994,1745643500000
53.93221433,13.05896609,1745643601000
53.93221575,13.05897209,1745643703000
53.93221725,13.05897845,1745643805000
53.93221876,13.05898456,1745643914000
53.93222038,13.058991,1745644015000
53.9322223,13.05899699,1745644117000
53.93222415,13.05900363,1745644219000
53.93222589,13.0590099,1745644322000
53.93222773,13.05901651,1745644423000
53.93222973,13.05902288,1745644525000
53.9322317,13.05902942,1745644626000
53.93223362,13.05903545,1745644727000
53.93223568,13.05904168,1745644828000
53.93223795,13.05904789,1745644929000
53.93224014,13.05905419,1745645031000
53.9322423,13.05906012,1745645133000
53.93224459,13.05906633,1745645235000
53.93224691,13.05907178,1745645337000
53.93224925,13.05907781,1745645438000
53.93225147,13.05908347,1745645539000
53.93225383,13.05908934,1745645640000
53.93225616,13.05909495,1745645741000
53.93225878,13.05910101,1745645842000
53.93226105,13.05910638,1745645943000
53.93226354,13.05911226,1745646045000
53.93226589,13.05911768,1745646147000
53.93226844,13.05912332,1745646249000
53.93227079,13.05912857,1745646352000
53.93227321,13.05913396,1745646453000
53.93227543,13.05913891,1745646555000
53.93227774,13.059144,1745646658000
53.9322799,13.05914866,1745646759000
53.93228215,13.05915347,1745646861000
53.9322844,13.05915812,1745646965000
53.93228676,13.05916273,1745647066000
53.93228895,13.05916725,1745647167000
53.93229346,13.05917625,1745647268000
53.93229583,13.05918074,1745647369000
53.9322985,13.05918496,1745647471000
53.9323009,13.05918934,1745647572000
53.93230315,13.05919352,1745647675000
53.93230554,13.05919783,1745647776000
53.93230753,13.05920129,1745647877000
53.93230986,13.05920508,1745647980000
53.9323122,13.05920862,1745648082000
53.93231468,13.0592122,1745648183000
53.93231736,13.05921538,1745648284000
53.93231998,13.0592187,1745648385000
53.93232244,13.05922162,1745648487000
53.93232501,13.05922454,1745648589000
53.93232501,13.05922454,1745648691000
53.93232764,13.05922719,1745648798000
53.93233265,13.05923234,1745648899000
53.9323352,13.05923472,1745649001000
53.9323376,13.05923671,1745649101000
53.93234025,13.0592386,1745649203000
53.93234257,13.05924013,1745649303000
53.93234501,13.05924152,1745649404000
53.93234501,13.05924152,1745649506000
53.93234999,13.05924309,1745649607000
53.93235225,13.05924368,1745649708000
53.93235456,13.05924416,1745649809000
53.93235668,13.05924443,1745649910000
53.93235893,13.05924413,1745650012000
53.93236089,13.05924406,1745650113000
53.93236289,13.05924385,1745650214000
53.9323646,13.05924352,1745650315000
53.93236626,13.05924286,1745650416000
53.93236779,13.05924232,1745650517000
53.9323693,13.05924158,1745650618000
53.93237059,13.05924055,1745650719000
53.93237182,13.05923933,1745650822000
53.93237293,13.05923756,1745650924000
53.93237399,13.05923613,1745651025000
53.9323749,13.05923463,1745651127000
53.93237571,13.05923294,1745651229000
53.93237647,13.05923107,1745651330000
53.93237695,13.05922911,1745651432000
53.93237724,13.05922702,1745651533000
53.93237741,13.05922465,1745651635000
53.93237741,13.05922201,1745651737000
53.93237727,13.05921925,1745651839000
53.93237699,13.05921641,1745651940000
53.93237657,13.05921327,1745652042000
53.93237594,13.05920979,1745652143000
53.93237522,13.0592063,1745652246000
53.93237444,13.05920284,1745652347000
53.9323735,13.05919907,1745652449000
53.93237254,13.05919533,1745652550000
53.93237147,13.05919109,1745652652000
53.93237024,13.05918705,1745652753000
53.93236884,13.05918269,1745652854000
53.93236741,13.05917836,1745652955000
53.93236567,13.05917343,1745653057000
53.93236413,13.05916897,1745653159000
53.93236245,13.05916418,1745653264000
53.93236084,13.05915956,1745653369000
53.93235748,13.05914986,1745653470000
53.93235566,13.05914483,1745653571000
53.93235391,13.05914003,1745653672000
53.93235209,13.05913492,1745653773000
53.93235026,13.05913008,1745653874000
53.93234827,13.05912498,1745653976000
53.93234628,13.05911996,1745654077000
53.93234414,13.05911467,1745654178000
53.93234206,13.05910961,1745654279000
53.93233984,13.05910428,1745654380000
53.93233758,13.0590992,1745654482000
53.93233513,13.05909377,1745654583000
53.93233287,13.05908857,1745654686000
53.93233071,13.05908341,1745654787000
53.93232842,13.05907804,1745654888000
53.93232597,13.05907237,1745654990000
53.93232352,13.0590666,1745655091000
53.93232109,13.05906089,1745655193000
53.93231881,13.05905556,1745655294000
53.93231641,13.05904999,1745655395000
53.93231392,13.05904472,1745655497000
53.93231141,13.05903913,1745655598000
53.93230913,13.05903415,1745655699000
53.93230677,13.05902902,1745655800000
53.93230456,13.05902413,1745655902000
53.93230238,13.05901963,1745656004000
53.93230015,13.05901496,1745656105000
53.93229791,13.05901031,1745656207000
53.93229594,13.05900629,1745656308000
53.93229385,13.05900255,1745656409000
53.93229225,13.05899901,1745656511000
53.93229069,13.05899552,1745656612000
53.93228932,13.05899241,1745656713000
53.93228808,13.05898926,1745656814000
53.93228698,13.05898681,1745656916000
53.93228591,13.05898449,1745657018000
53.93228492,13.05898264,1745657119000
53.93228407,13.05898162,1745657220000
53.93228319,13.05898053,1745657322000
53.93228319,13.05898053,1745657423000
53.93228243,13.05897975,1745657524000
53.93228172,13.05897894,1745657625000
53.93228136,13.05897928,1745657728000
53.93228119,13.05897921,1745657831000
53.93228119,13.05897921,1745657932000
53.93228072,13.05897957,1745658034000
53.93228072,13.05897957,1745658135000
53.93227977,13.05898111,1745658238000
53.93227924,13.05898198,1745658339000
53.93227924,13.05898198,1745658442000
53.93227796,13.05898405,1745658543000
53.93227726,13.05898508,1745658645000
53.93227726,13.05898508,1745658747000
53.93227585,13.05898622,1745658848000
53.93227585,13.05898622,1745658949000
53.93227465,13.05898584,1745659051000
53.93227429,13.05898588,1745659153000
53.93227429,13.05898588,1745659254000
53.93227362,13.05898588,1745659355000
53.93227314,13.05898556,1745659457000
53.93227289,13.05898562,1745659560000
53.93227265,13.05898563,1745659661000
53.93227245,13.05898579,1745659762000
53.93227227,13.05898648,1745659863000
53.93227214,13.05898667,1745659964000
53.93227203,13.05898687,1745660066000
53.93227194,13.05898791,1745660167000
53.93227191,13.05898805,1745660268000
53.93227189,13.0589882,1745660368000
53.93227189,13.0589882,1745660470000
53.93227215,13.05898802,1745660571000
53.932273,13.05898718,1745660671000
53.9322731,13.05898706,1745660773000
53.93227325,13.05898695,1745660874000
53.93227336,13.05898683,1745660975000
53.93227349,13.058987,1745661076000
53.93227367,13.05898686,1745661177000
53.93227367,13.05898703,1745661278000
53.93227366,13.05898723,1745661380000
53.93227304,13.05898797,1745661481000
53.93227281,13.05898818,1745661582000
53.93227256,13.05898861,1745661683000
53.93227231,13.05898906,1745661784000
53.93227175,13.0589897,1745661885000
53.93227151,13.05898997,1745661986000
53.93227143,13.05899031,1745662088000
53.93227143,13.05899031,1745662189000
53.9322718,13.05899046,1745662290000
53.93227192,13.05899038,1745662392000
53.93227192,13.05899038,1745662494000
53.93227216,13.05899015,1745662595000
53.93227225,13.05899007,1745662696000
53.93227225,13.05899007,1745662797000
53.93227253,13.05899011,1745662898000
53.93227253,13.05899011,1745662999000
53.93227217,13.0589912,1745663100000
53.9322719,13.05899275,1745663201000
53.93227172,13.05899355,1745663303000
53.93227172,13.05899355,1745663404000
53.93227172,13.05899355,1745663507000
53.9322715,13.05899491,1745663611000
53.9322715,13.05899491,1745663712000
53.9322715,13.05899491,1745663813000
53.9322715,13.05899491,1745663914000
53.93227211,13.05899631,1745664016000
53.93227211,13.05899631,1745664117000
53.93227205,13.05899598,1745664220000
53.93227205,13.05899598,1745664321000
53.93227205,13.05899598,1745664423000
53.93227205,13.05899598,1745664525000
53.93227234,13.05899538,1745664626000
53.93227234,13.05899538,1745664727000
53.93227234,13.05899538,1745664829000
53.93227234,13.05899538,1745664930000
53.93227234,13.05899538,1745665031000
53.93227311,13.0589964,1745665132000
53.93227316,13.05899657,1745665233000
53.93227316,13.05899657,1745665335000
53.93227316,13.05899657,1745665436000
53.93227316,13.05899657,1745665538000
53.93227316,13.05899657,1745665639000
53.93227316,13.05899657,1745665740000
53.93227316,13.05899657,1745665841000
53.93227385,13.05899658,1745665943000
53.93227385,13.05899658,1745666046000
53.93227398,13.05899665,1745666147000
53.93227398,13.05899665,1745666248000
53.93227409,13.0589969,1745666350000
53.93227409,13.0589969,1745666452000
53.93227419,13.05899707,1745666554000
53.93227419,13.05899707,1745666657000
53.93227419,13.05899707,1745666758000
53.93227425,13.05899746,1745666860000
53.93227425,13.05899746,1745666961000
53.93227439,13.05899717,1745667064000
53.93227439,13.05899717,1745667164000
53.9322743,13.05899697,1745667265000
53.93227439,13.05899694,1745667367000
53.93227436,13.058997,1745667468000
53.93227436,13.058997,1745667569000
53.93227428,13.05899719,1745667672000
53.93227427,13.05899731,1745667774000
53.93227427,13.05899731,1745667875000
53.93227414,13.05899779,1745667976000
53.93227414,13.05899779,1745668078000
53.93227414,13.05899779,1745668179000
53.93227414,13.05899779,1745668280000
53.93227414,13.05899779,1745668381000
53.93227414,13.05899779,1745668482000
53.93227399,13.05899774,1745668583000
53.93227399,13.05899774,1745668684000
